Entity,Code,Year,Completeness of birth registration (%) (%)
Afghanistan,AFG,2003,6
Afghanistan,AFG,2011,37.4
Afghanistan,AFG,2015,42.3
Albania,ALB,2005,98
Albania,ALB,2009,98.6
Algeria,DZA,2006,99.4
Algeria,DZA,2013,99.6
Andorra,AND,2012,100
Angola,AGO,2001,35.6
Angola,AGO,2016,25
Arab World,,2013,86.5515585373076
Argentina,ARG,2004,91
Argentina,ARG,2007,99
Argentina,ARG,2012,99.5
Armenia,ARM,2005,96
Armenia,ARM,2010,99.6
Armenia,ARM,2016,98.7
Australia,AUS,2012,100
Australia,AUS,2013,100
Austria,AUT,2011,100
Austria,AUT,2014,100
Azerbaijan,AZE,2006,93.6
Bangladesh,BGD,2006,10
Bangladesh,BGD,2011,30.5
Bangladesh,BGD,2013,37
Bangladesh,BGD,2014,20.2
Barbados,BRB,2012,98.7
Belarus,BLR,2012,100
Belgium,BEL,2010,100
Belgium,BEL,2014,100
Belize,BLZ,2006,94
Belize,BLZ,2011,95.2
Belize,BLZ,2015,95.7
Benin,BEN,2006,53.1
Benin,BEN,2012,80.2
Benin,BEN,2014,84.8
Bhutan,BTN,2010,99.9
Bolivia,BOL,2001,74
Bolivia,BOL,2008,75.8
Bosnia and Herzegovina,BIH,2006,99.5
Botswana,BWA,2000,58
Botswana,BWA,2007,72
Botswana,BWA,2008,72.2
Botswana,BWA,2014,83.2
Brazil,BRA,2005,89
Brazil,BRA,2008,91
Brazil,BRA,2011,92.8
Brazil,BRA,2014,95.9
Brazil,BRA,2015,96.4
Bulgaria,BGR,2011,100
Bulgaria,BGR,2012,100
Burkina Faso,BFA,2006,64
Burkina Faso,BFA,2010,76.9
Burundi,BDI,2005,60
Burundi,BDI,2010,75.2
Cambodia,KHM,2005,66.4
Cambodia,KHM,2010,62.1
Cambodia,KHM,2014,73.3
Cameroon,CMR,2006,70
Cameroon,CMR,2011,61.4
Cameroon,CMR,2014,66.1
Canada,CAN,2011,100
Canada,CAN,2012,100
Cape Verde,CPV,2010,91
Caribbean small states,,2013,96.9375679455083
Central African Republic,CAF,2006,49
Central African Republic,CAF,2010,61
Central Europe and the Baltics,,2013,100
Chad,TCD,2004,9
Chad,TCD,2010,15.7
Chad,TCD,2015,12
Chile,CHL,2004,96
Chile,CHL,2007,99.4
Chile,CHL,2008,99
Chile,CHL,2010,99.8
Chile,CHL,2011,99.4
Colombia,COL,2005,90.4
Colombia,COL,2010,96.5
Colombia,COL,2015,98.6
Comoros,COM,2000,87.6
Comoros,COM,2012,87.3
Congo,COG,2005,76.8
Congo,COG,2012,90.8
Congo,COG,2015,95.9
Costa Rica,CRI,2011,99.7
Costa Rica,CRI,2013,99.6
Cote d'Ivoire,CIV,2005,49.3
Cote d'Ivoire,CIV,2006,55
Cote d'Ivoire,CIV,2012,65
Cuba,CUB,2005,100
Cuba,CUB,2011,100
Cuba,CUB,2014,100
Cyprus,CYP,2010,100
Cyprus,CYP,2014,100
Czech Republic,CZE,2012,100
Czech Republic,CZE,2014,100
Democratic Republic of Congo,COD,2007,31.3
Democratic Republic of Congo,COD,2010,27.8
Democratic Republic of Congo,COD,2014,24.6
Denmark,DNK,2011,100
Denmark,DNK,2014,100
Djibouti,DJI,2006,91.7
Dominican Republic,DOM,2006,78
Dominican Republic,DOM,2007,77.8
Dominican Republic,DOM,2011,82.4
Dominican Republic,DOM,2012,81.1
Dominican Republic,DOM,2013,84.1
Dominican Republic,DOM,2014,88
Early-demographic dividend,,2013,67.9149973804364
Ecuador,ECU,2004,84.9
Ecuador,ECU,2010,90
Ecuador,ECU,2012,92.1
Ecuador,ECU,2015,94
Egypt,EGY,2005,99
Egypt,EGY,2014,99.4
El Salvador,SLV,2008,98.6
El Salvador,SLV,2014,98.5
Equatorial Guinea,GNQ,2000,37.1
Equatorial Guinea,GNQ,2011,53.5
Estonia,EST,2011,100
Estonia,EST,2014,100
Ethiopia,ETH,2005,6.6
Ethiopia,ETH,2016,2.7
Euro area,,2013,100
Europe & Central Asia,,2013,99.4786012850142
Europe & Central Asia (IDA & IBRD),,2013,99.0366983575678
Europe & Central Asia (excluding high income),,2013,98.9642224317167
European Union,,2013,100
Finland,FIN,2011,100
Finland,FIN,2014,100
Fragile and conflict affected situations,,2013,53.7254703331196
France,FRA,2011,100
France,FRA,2014,100
Gabon,GAB,2000,89
Gabon,GAB,2012,89.6
Gambia,GMB,2006,55
Gambia,GMB,2010,52.5
Gambia,GMB,2013,72
Georgia,GEO,2005,92
Georgia,GEO,2011,98.5
Georgia,GEO,2013,99.6
Georgia,GEO,2015,99.6
Germany,DEU,2011,100
Germany,DEU,2014,100
Ghana,GHA,2006,51
Ghana,GHA,2008,71.2
Ghana,GHA,2011,62.5
Ghana,GHA,2014,70.5
Greece,GRC,2010,100
Greece,GRC,2014,100
Guatemala,GTM,2009,96.7
Guatemala,GTM,2015,96.4
Guinea,GIN,2005,43.2
Guinea,GIN,2012,57.9
Guinea-Bissau,GNB,2006,38.9
Guinea-Bissau,GNB,2010,24.1
Guinea-Bissau,GNB,2014,23.7
Guyana,GUY,2005,94.8
Guyana,GUY,2006,93
Guyana,GUY,2007,93.3
Guyana,GUY,2009,87.9
Guyana,GUY,2014,88.7
Haiti,HTI,2006,81.1
Haiti,HTI,2012,79.7
Heavily indebted poor countries (HIPC),,2013,45.3965510052573
High income,,2013,99.9278229439708
Honduras,HND,2006,93.5
Honduras,HND,2012,93.6
Hungary,HUN,2011,100
Hungary,HUN,2014,100
IBRD only,,2013,82.4200382466518
IDA & IBRD total,,2013,64.7975664014153
IDA blend,,2013,38.4499501597021
IDA only,,2013,43.7101294030567
IDA total,,2013,41.9546288136304
Iceland,ISL,2010,100
Iceland,ISL,2014,100
India,IND,2006,41.1
India,IND,2011,83.6
India,IND,2014,71.9
Indonesia,IDN,2002,55
Indonesia,IDN,2007,50.6
Indonesia,IDN,2012,66.6
Indonesia,IDN,2013,68.5
Indonesia,IDN,2016,72.5
Iran,IRN,2010,98.6
Iraq,IRQ,2006,95
Iraq,IRQ,2011,99.2
Ireland,IRL,2010,100
Ireland,IRL,2014,100
Isle of Man,IMN,2009,85.3899287208
Israel,ISR,2012,100
Israel,ISR,2014,100
Italy,ITA,2011,100
Italy,ITA,2014,100
Jamaica,JAM,2005,89
Jamaica,JAM,2008,97.8
Jamaica,JAM,2010,98.1
Jamaica,JAM,2012,99.5
Japan,JPN,2012,100
Japan,JPN,2013,100
Jordan,JOR,2012,99.1
Kazakhstan,KAZ,2006,99
Kazakhstan,KAZ,2011,99.7
Kazakhstan,KAZ,2015,99.7
Kenya,KEN,2003,48
Kenya,KEN,2009,60
Kenya,KEN,2014,66.9
Kiribati,KIR,2008,92
Kiribati,KIR,2009,93.5
Kyrgyzstan,KGZ,2006,95.7
Kyrgyzstan,KGZ,2012,98.3
Kyrgyzstan,KGZ,2014,97.7
Laos,LAO,2006,72
Laos,LAO,2012,74.8
Latin America & Caribbean,,2013,94.3650549625994
Latin America & Caribbean (IDA & IBRD),,2013,94.2968913709213
Latin America & Caribbean (excluding high income),,2013,93.8004235480255
Latvia,LVA,2011,100
Latvia,LVA,2014,100
Least developed countries: UN classification,,2013,40.4509822374493
Lebanon,LBN,2009,99.5
Lesotho,LSO,2004,26.3
Lesotho,LSO,2009,45.1
Lesotho,LSO,2014,43.3
Liberia,LBR,2007,3.6
Liberia,LBR,2013,24.6
Liechtenstein,LIE,2011,100
Liechtenstein,LIE,2014,100
Lithuania,LTU,2011,100
Lithuania,LTU,2014,100
Low & middle income,,2013,64.5108506392857
Low income,,2013,42.0113137900275
Lower middle income,,2013,63.2742005699716
Luxembourg,LUX,2010,100
Luxembourg,LUX,2014,100
Macedonia,MKD,2005,94
Macedonia,MKD,2011,99.7
Madagascar,MDG,2004,74.8
Madagascar,MDG,2009,79.7
Madagascar,MDG,2013,83
Malawi,MWI,2011,2.3
Malawi,MWI,2014,5.6
Malawi,MWI,2016,67.2
Maldives,MDV,2000,73
Maldives,MDV,2009,92.5
Mali,MLI,2006,53.3
Mali,MLI,2010,80.8
Mali,MLI,2013,84.3
Mali,MLI,2015,87.2
Malta,MLT,2011,100
Malta,MLT,2014,100
Marshall Islands,MHL,2007,95.9
Mauritania,MRT,2007,56
Mauritania,MRT,2011,58.8
Mauritania,MRT,2015,65.6
Mexico,MEX,2009,93.4
Mexico,MEX,2015,95
Middle East & North Africa,,2013,91.964162107353
Middle East & North Africa (IDA & IBRD),,2013,91.5494840137402
Middle East & North Africa (excluding high income),,2013,91.6854883683837
Middle income,,2013,70.7217027649294
Moldova,MDA,2000,98
Moldova,MDA,2012,99.6
Monaco,MCO,2006,100
Monaco,MCO,2014,100
Mongolia,MNG,2005,98
Mongolia,MNG,2010,99
Mongolia,MNG,2013,99.3
Montenegro,MNE,2005,98
Montenegro,MNE,2006,98.9
Montenegro,MNE,2013,99.4
Morocco,MAR,2000,85
Morocco,MAR,2011,94
Mozambique,MOZ,2008,31
Mozambique,MOZ,2011,47.9
Myanmar,MMR,2003,64.9
Myanmar,MMR,2010,72.4
Myanmar,MMR,2016,81.3
Namibia,NAM,2007,67.1
Namibia,NAM,2011,78
Namibia,NAM,2013,87.1
Nauru,NRU,2007,82.6
Nepal,NPL,2006,35
Nepal,NPL,2011,42.3
Nepal,NPL,2014,58.1
Netherlands,NLD,2011,100
Netherlands,NLD,2014,100
New Zealand,NZL,2012,100
New Zealand,NZL,2014,100
Nicaragua,NIC,2001,81
Nicaragua,NIC,2012,84.7
Niger,NER,2006,31.8
Niger,NER,2012,63.9
Nigeria,NGA,2008,30
Nigeria,NGA,2011,41.5
Nigeria,NGA,2013,29.8
North America,,2013,100
North Korea,PRK,2000,98.9
North Korea,PRK,2009,100
Norway,NOR,2011,100
Norway,NOR,2014,100
OECD members,,2013,99.0943723407871
Other small states,,2013,70.157910665123
Pakistan,PAK,2007,26.6
Pakistan,PAK,2013,33.6
Palestine,PSE,2006,96
Palestine,PSE,2010,99.3
Palestine,PSE,2014,99.3
Panama,PAN,2013,95.6
Paraguay,PRY,2011,76.1
Paraguay,PRY,2014,84.5
Peru,PER,2005,93
Peru,PER,2007,93
Peru,PER,2008,94.3
Peru,PER,2012,95.6
Peru,PER,2014,96.7
Peru,PER,2016,97.7
Philippines,PHL,2000,83
Philippines,PHL,2010,90.2
Poland,POL,2011,100
Poland,POL,2014,100
Portugal,PRT,2011,100
Portugal,PRT,2014,100
Post-demographic dividend,,2013,99.9907354295721
Pre-demographic dividend,,2013,46.6058355049367
Qatar,QAT,2015,100
Russia,RUS,2010,100
Rwanda,RWA,2005,82
Rwanda,RWA,2010,63.2
Rwanda,RWA,2015,56
Saint Lucia,LCA,2012,92
Samoa,WSM,2009,47.7
Samoa,WSM,2014,58.6
San Marino,SMR,2009,100
San Marino,SMR,2014,100
Sao Tome and Principe,STP,2006,68.7
Sao Tome and Principe,STP,2009,75.1
Sao Tome and Principe,STP,2014,95.2
Senegal,SEN,2005,55
Senegal,SEN,2011,74.6
Senegal,SEN,2013,73
Senegal,SEN,2014,72.7
Senegal,SEN,2015,68.3
Serbia,SRB,2005,99
Serbia,SRB,2006,98.9
Serbia,SRB,2010,98.9
Serbia,SRB,2014,99.4
Sierra Leone,SLE,2005,48
Sierra Leone,SLE,2008,50.9
Sierra Leone,SLE,2010,78
Sierra Leone,SLE,2013,76.7
Slovakia,SVK,2010,100
Slovakia,SVK,2014,100
Slovenia,SVN,2011,100
Slovenia,SVN,2014,100
Small states,,2013,73.5659351175308
Solomon Islands,SLB,2007,80
Solomon Islands,SLB,2015,88
Somalia,SOM,2006,3
South Africa,ZAF,2006,78
South Africa,ZAF,2008,92
South Africa,ZAF,2012,85
South Asia,,2013,60.4380857967198
South Asia (IDA & IBRD),,2013,60.4380857967198
South Sudan,SSD,2010,35.4
Spain,ESP,2011,100
Spain,ESP,2014,100
Sri Lanka,LKA,2007,97.2
Sub-Saharan Africa,,2013,43.1820090706809
Sub-Saharan Africa (IDA & IBRD),,2013,43.1820090706809
Sub-Saharan Africa (excluding high income),,2013,43.1820090706809
Sudan,SDN,2006,33
Sudan,SDN,2010,59.3
Sudan,SDN,2014,67.3
Suriname,SUR,2006,97
Suriname,SUR,2010,98.9
Swaziland,SWZ,2007,29.8
Swaziland,SWZ,2010,49.5
Swaziland,SWZ,2014,53.5
Sweden,SWE,2011,100
Sweden,SWE,2014,100
Switzerland,CHE,2011,100
Switzerland,CHE,2014,100
Syrian Arab Republic,,2006,96
Tajikistan,TJK,2005,88
Tajikistan,TJK,2012,88.4
Tanzania,TZA,2005,8
Tanzania,TZA,2008,21.8
Tanzania,TZA,2010,16.3
Tanzania,TZA,2012,14.7
Tanzania,TZA,2016,26.4
Thailand,THA,2006,99.5
Thailand,THA,2012,99.4
Thailand,THA,2016,99.5
Timor,TLS,2003,53
Timor,TLS,2009,55.2
Timor,TLS,2010,55.2
Togo,TGO,2006,78.1
Togo,TGO,2010,77.9
Togo,TGO,2014,78.1
Tonga,TON,2012,93.4
Trinidad and Tobago,TTO,2006,96.6
Tunisia,TUN,2012,99.2
Turkey,TUR,2003,84
Turkey,TUR,2008,93.7
Turkey,TUR,2013,98.8
Turkmenistan,TKM,2006,95.5
Turkmenistan,TKM,2016,99.6
Tuvalu,TUV,2007,49.9
Uganda,UGA,2006,21
Uganda,UGA,2011,29.9
Ukraine,UKR,2005,100
Ukraine,UKR,2012,99.8
United Arab Emirates,ARE,2012,100
United Kingdom,GBR,2010,100
United Kingdom,GBR,2014,100
United States,USA,2009,100
United States,USA,2013,100
Uruguay,URY,2012,100
Uruguay,URY,2013,99.8
Uzbekistan,UZB,2006,99.9
Vanuatu,VUT,2007,43
Vanuatu,VUT,2013,43.4
Venezuela,VEN,2000,92
Venezuela,VEN,2011,80.8
Vietnam,VNM,2005,92.7
Vietnam,VNM,2006,88
Vietnam,VNM,2011,95
Vietnam,VNM,2014,96.1
World,OWID_WRL,2013,68.1787644136365
Yemen,YEM,2006,22
Yemen,YEM,2012,17.1
Yemen,YEM,2013,30.7
Zambia,ZMB,2000,10
Zambia,ZMB,2007,14
Zambia,ZMB,2014,11.3
Zimbabwe,ZWE,2006,73.9
Zimbabwe,ZWE,2009,38
Zimbabwe,ZWE,2011,48.8
Zimbabwe,ZWE,2014,32.3
Zimbabwe,ZWE,2015,43.5